{"cameraMode":{"drawMode":0,"name":"Shaded","section":"Shading Mode"},"sceneLighting":false,"audioPlay":false,"sceneViewState":{"m_AlwaysRefresh":false,"showFog":false,"showSkybox":false,"showFlares":true,"showImageEffects":true,"showParticleSystems":true,"showVisualEffectGraphs":true,"m_FxEnabled":true},"in2DMode":false,"pivot":{"x":-0.016318321228027345,"y":0.7203633785247803,"z":0.1665552258491516},"rotation":{"x":0.04983163997530937,"y":-0.6723843812942505,"z":0.0454549677670002,"w":0.7371231913566589},"size":2.8298263549804689,"orthographic":false}