{"cameraMode":{"drawMode":0,"name":"Shaded","section":"Shading Mode"},"sceneLighting":false,"audioPlay":false,"sceneViewState":{"m_AlwaysRefresh":false,"showFog":false,"showSkybox":false,"showFlares":true,"showImageEffects":true,"showParticleSystems":true,"showVisualEffectGraphs":true,"m_FxEnabled":true},"in2DMode":false,"pivot":{"x":-0.17203021049499513,"y":0.5788611769676209,"z":0.032854557037353519},"rotation":{"x":-0.003147312207147479,"y":0.9858457446098328,"z":-0.1665879189968109,"w":-0.018623294308781625},"size":2.600562334060669,"orthographic":false}