{"cameraMode":{"drawMode":0,"name":"Shaded","section":"Shading Mode"},"sceneLighting":false,"audioPlay":false,"sceneViewState":{"m_AlwaysRefresh":false,"showFog":false,"showSkybox":false,"showFlares":true,"showImageEffects":true,"showParticleSystems":true,"showVisualEffectGraphs":true,"m_FxEnabled":true},"in2DMode":false,"pivot":{"x":-0.9512214660644531,"y":-0.03192174434661865,"z":-0.053549766540527347},"rotation":{"x":0.021616455167531968,"y":-0.9130136370658875,"z":0.048799749463796619,"w":0.4044250547885895},"size":4.007531642913818,"orthographic":false}