{"cameraMode":{"drawMode":0,"name":"Shaded","section":"Shading Mode"},"sceneLighting":false,"audioPlay":false,"sceneViewState":{"m_AlwaysRefresh":false,"showFog":false,"showSkybox":false,"showFlares":true,"showImageEffects":true,"showParticleSystems":true,"showVisualEffectGraphs":true,"m_FxEnabled":true},"in2DMode":false,"pivot":{"x":-0.21996092796325684,"y":2.823698043823242,"z":-0.07091784477233887},"rotation":{"x":0.16707582771778108,"y":0.3534804582595825,"z":-0.06432384997606278,"w":0.9181543588638306},"size":4.905762672424316,"orthographic":false}