{"cameraMode":{"drawMode":0,"name":"Shaded","section":"Shading Mode"},"sceneLighting":false,"audioPlay":false,"sceneViewState":{"m_AlwaysRefresh":false,"showFog":false,"showSkybox":false,"showFlares":true,"showImageEffects":true,"showParticleSystems":true,"showVisualEffectGraphs":true,"m_FxEnabled":true},"in2DMode":false,"pivot":{"x":-4.398165702819824,"y":-2.0748960971832277,"z":1.0887374877929688},"rotation":{"x":-0.028253212571144105,"y":0.9676996469497681,"z":-0.21629305183887483,"w":-0.12640470266342164},"size":2.747952461242676,"orthographic":false}