{"cameraMode":{"drawMode":0,"name":"Shaded","section":"Shading Mode"},"sceneLighting":false,"audioPlay":false,"sceneViewState":{"m_AlwaysRefresh":false,"showFog":false,"showSkybox":false,"showFlares":true,"showImageEffects":true,"showParticleSystems":true,"showVisualEffectGraphs":true,"m_FxEnabled":true},"in2DMode":false,"pivot":{"x":0.019804388284683229,"y":0.1472359448671341,"z":0.031651921570301059},"rotation":{"x":0.019779453054070474,"y":-0.9185332655906677,"z":0.046331729739904407,"w":0.3921239972114563},"size":0.42191460728645327,"orthographic":false}