{"cameraMode":{"drawMode":0,"name":"Shaded","section":"Shading Mode"},"sceneLighting":false,"audioPlay":false,"sceneViewState":{"m_AlwaysRefresh":false,"showFog":false,"showSkybox":false,"showFlares":true,"showImageEffects":true,"showParticleSystems":true,"showVisualEffectGraphs":true,"m_FxEnabled":true},"in2DMode":false,"pivot":{"x":0.5607305765151978,"y":0.8026422262191773,"z":0.9604043960571289},"rotation":{"x":0.09407688677310944,"y":0.558517575263977,"z":-0.06394898891448975,"w":0.8216606378555298},"size":3.4118573665618898,"orthographic":false}