{"cameraMode":{"drawMode":0,"name":"Shaded","section":"Shading Mode"},"sceneLighting":false,"audioPlay":false,"sceneViewState":{"m_AlwaysRefresh":false,"showFog":false,"showSkybox":false,"showFlares":true,"showImageEffects":true,"showParticleSystems":true,"showVisualEffectGraphs":true,"m_FxEnabled":true},"in2DMode":false,"pivot":{"x":1.5969183444976807,"y":-0.7085662484169006,"z":-2.9976887702941896},"rotation":{"x":0.00039106199983507395,"y":0.9940712451934815,"z":0.003580356016755104,"w":-0.10867281258106232},"size":3.191206932067871,"orthographic":false}