{"cameraMode":{"drawMode":0,"name":"Shaded","section":"Shading Mode"},"sceneLighting":false,"audioPlay":false,"sceneViewState":{"m_AlwaysRefresh":false,"showFog":false,"showSkybox":false,"showFlares":true,"showImageEffects":true,"showParticleSystems":true,"showVisualEffectGraphs":true,"m_FxEnabled":true},"in2DMode":false,"pivot":{"x":0.0003896355628967285,"y":1.60150146484375,"z":-0.01328057050704956},"rotation":{"x":-0.0624404139816761,"y":0.8238658308982849,"z":-0.09257576614618302,"w":-0.5556764602661133},"size":2.004117965698242,"orthographic":false}