{"cameraMode":{"drawMode":0,"name":"Shaded","section":"Shading Mode"},"sceneLighting":false,"audioPlay":false,"sceneViewState":{"m_AlwaysRefresh":false,"showFog":false,"showSkybox":false,"showFlares":true,"showImageEffects":true,"showParticleSystems":true,"showVisualEffectGraphs":true,"m_FxEnabled":true},"in2DMode":false,"pivot":{"x":-14.43683910369873,"y":1.3093876838684083,"z":-6.269796848297119},"rotation":{"x":0.20050670206546784,"y":0.014694573357701302,"z":-0.0030078256968408825,"w":0.9795777797698975},"size":3.5662853717803957,"orthographic":false}