{"cameraMode":{"drawMode":0,"name":"Shaded","section":"Shading Mode"},"sceneLighting":false,"audioPlay":false,"sceneViewState":{"m_AlwaysRefresh":false,"showFog":false,"showSkybox":false,"showFlares":true,"showImageEffects":true,"showParticleSystems":true,"showVisualEffectGraphs":true,"m_FxEnabled":true},"in2DMode":false,"pivot":{"x":0.10375702381134033,"y":-0.02460634708404541,"z":-0.007958829402923584},"rotation":{"x":-0.003147312207147479,"y":0.9858457446098328,"z":-0.1665879189968109,"w":-0.018623294308781625},"size":0.9411988258361816,"orthographic":false}