{"cameraMode":{"drawMode":0,"name":"Shaded","section":"Shading Mode"},"sceneLighting":false,"audioPlay":false,"sceneViewState":{"m_AlwaysRefresh":false,"showFog":false,"showSkybox":false,"showFlares":true,"showImageEffects":true,"showParticleSystems":true,"showVisualEffectGraphs":true,"m_FxEnabled":true},"in2DMode":false,"pivot":{"x":-0.00999915599822998,"y":0.14723603427410127,"z":-0.009999990463256836},"rotation":{"x":-0.03659245744347572,"y":-0.007494888734072447,"z":-0.00027446437161415815,"w":0.9993022084236145},"size":1.2883238792419434,"orthographic":false}