{"cameraMode":{"drawMode":0,"name":"Shaded","section":"Shading Mode"},"sceneLighting":false,"audioPlay":false,"sceneViewState":{"m_AlwaysRefresh":false,"showFog":false,"showSkybox":false,"showFlares":true,"showImageEffects":true,"showParticleSystems":true,"showVisualEffectGraphs":true,"m_FxEnabled":true},"in2DMode":false,"pivot":{"x":-0.21996092796325684,"y":129.92807006835938,"z":-0.07091784477233887},"rotation":{"x":0.16548971831798554,"y":-0.40901604294776919,"z":0.07569682598114014,"w":0.8941975235939026},"size":4.825165271759033,"orthographic":false}