{"cameraMode":{"drawMode":0,"name":"Shaded","section":"Shading Mode"},"sceneLighting":false,"audioPlay":false,"sceneViewState":{"m_AlwaysRefresh":false,"showFog":false,"showSkybox":false,"showFlares":true,"showImageEffects":true,"showParticleSystems":true,"showVisualEffectGraphs":true,"m_FxEnabled":true},"in2DMode":false,"pivot":{"x":-0.22559845447540284,"y":-0.4007108211517334,"z":-0.43162649869918826},"rotation":{"x":0.03388296440243721,"y":0.022485168650746347,"z":-0.0007624722784385085,"w":0.9991734027862549},"size":1.0257896184921265,"orthographic":true}