{"cameraMode":{"drawMode":0,"name":"Shaded","section":"Shading Mode"},"sceneLighting":false,"audioPlay":false,"sceneViewState":{"m_AlwaysRefresh":false,"showFog":false,"showSkybox":false,"showFlares":true,"showImageEffects":true,"showParticleSystems":true,"showVisualEffectGraphs":true,"m_FxEnabled":true},"in2DMode":false,"pivot":{"x":0.005474686622619629,"y":-0.13482129573822022,"z":-0.0740058422088623},"rotation":{"x":0.06868910044431687,"y":0.7052276134490967,"z":-0.0689784362912178,"w":0.7022688388824463},"size":1.2721596956253052,"orthographic":false}