{"cameraMode":{"drawMode":0,"name":"Shaded","section":"Shading Mode"},"sceneLighting":false,"audioPlay":false,"sceneViewState":{"m_AlwaysRefresh":false,"showFog":false,"showSkybox":false,"showFlares":true,"showImageEffects":true,"showParticleSystems":true,"showVisualEffectGraphs":true,"m_FxEnabled":true},"in2DMode":false,"pivot":{"x":0.05595703423023224,"y":0.1472359597682953,"z":0.0016519427299499512},"rotation":{"x":0.019779453054070474,"y":-0.9185332655906677,"z":0.046331729739904407,"w":0.3921239972114563},"size":0.2654922604560852,"orthographic":false}