{"cameraMode":{"drawMode":0,"name":"Shaded","section":"Shading Mode"},"sceneLighting":false,"audioPlay":false,"sceneViewState":{"m_AlwaysRefresh":false,"showFog":false,"showSkybox":false,"showFlares":true,"showImageEffects":true,"showParticleSystems":true,"showVisualEffectGraphs":true,"m_FxEnabled":true},"in2DMode":false,"pivot":{"x":-0.7850942611694336,"y":9.851325988769532,"z":-0.27739620208740237},"rotation":{"x":0.11600331962108612,"y":-0.42867133021354678,"z":0.05560721829533577,"w":0.8942568302154541},"size":16.234024047851564,"orthographic":false}