{"cameraMode":{"drawMode":0,"name":"Shaded","section":"Shading Mode"},"sceneLighting":false,"audioPlay":false,"sceneViewState":{"m_AlwaysRefresh":false,"showFog":false,"showSkybox":false,"showFlares":true,"showImageEffects":true,"showParticleSystems":true,"showVisualEffectGraphs":true,"m_FxEnabled":true},"in2DMode":false,"pivot":{"x":0.7460603713989258,"y":6.091495037078857,"z":1.3101449012756348},"rotation":{"x":0.023374143987894059,"y":-0.8299865126609802,"z":0.034879934042692187,"w":0.5562013387680054},"size":9.340790748596192,"orthographic":false}