{"cameraMode":{"drawMode":0,"name":"Shaded","section":"Shading Mode"},"sceneLighting":false,"audioPlay":false,"sceneViewState":{"m_AlwaysRefresh":false,"showFog":false,"showSkybox":false,"showFlares":true,"showImageEffects":true,"showParticleSystems":true,"showVisualEffectGraphs":true,"m_FxEnabled":true},"in2DMode":false,"pivot":{"x":-0.042504310607910159,"y":2.5057501792907717,"z":-0.00442582368850708},"rotation":{"x":-0.03659245744347572,"y":-0.007494888734072447,"z":-0.00027446437161415815,"w":0.9993022084236145},"size":2.6604607105255129,"orthographic":false}