{"cameraMode":{"drawMode":0,"name":"Shaded","section":"Shading Mode"},"sceneLighting":false,"audioPlay":false,"sceneViewState":{"m_AlwaysRefresh":false,"showFog":false,"showSkybox":false,"showFlares":true,"showImageEffects":true,"showParticleSystems":true,"showVisualEffectGraphs":true,"m_FxEnabled":true},"in2DMode":false,"pivot":{"x":-0.06159818172454834,"y":-0.04718869924545288,"z":-0.010616421699523926},"rotation":{"x":-0.003147312207147479,"y":0.9858457446098328,"z":-0.1665879189968109,"w":-0.018623294308781625},"size":1.2556746006011963,"orthographic":false}