{"cameraMode":{"drawMode":0,"name":"Shaded","section":"Shading Mode"},"sceneLighting":false,"audioPlay":false,"sceneViewState":{"m_AlwaysRefresh":false,"showFog":false,"showSkybox":false,"showFlares":true,"showImageEffects":true,"showParticleSystems":true,"showVisualEffectGraphs":true,"m_FxEnabled":true},"in2DMode":false,"pivot":{"x":0.45800912380218508,"y":1.7888399362564088,"z":0.22102677822113038},"rotation":{"x":0.049247514456510547,"y":0.823356568813324,"z":0.07231264561414719,"w":-0.5607402920722961},"size":2.1907336711883547,"orthographic":false}