{"cameraMode":{"drawMode":0,"name":"Shaded","section":"Shading Mode"},"sceneLighting":false,"audioPlay":false,"sceneViewState":{"m_AlwaysRefresh":false,"showFog":false,"showSkybox":false,"showFlares":true,"showImageEffects":true,"showParticleSystems":true,"showVisualEffectGraphs":true,"m_FxEnabled":true},"in2DMode":false,"pivot":{"x":-0.23693948984146119,"y":0.13711073994636537,"z":0.4309350252151489},"rotation":{"x":-0.007729200180619955,"y":-0.29980653524398806,"z":-0.002429371001198888,"w":0.9539664387702942},"size":0.7608460783958435,"orthographic":false}