{"cameraMode":{"drawMode":0,"name":"Shaded","section":"Shading Mode"},"sceneLighting":false,"audioPlay":false,"sceneViewState":{"m_AlwaysRefresh":false,"showFog":false,"showSkybox":false,"showFlares":true,"showImageEffects":true,"showParticleSystems":true,"showVisualEffectGraphs":true,"m_FxEnabled":true},"in2DMode":false,"pivot":{"x":0.015603646636009217,"y":0.5149999856948853,"z":-0.01929069310426712},"rotation":{"x":-0.03659245744347572,"y":-0.007494888734072447,"z":-0.00027446437161415815,"w":0.9993022084236145},"size":0.5411279797554016,"orthographic":false}