{"cameraMode":{"drawMode":0,"name":"Shaded","section":"Shading Mode"},"sceneLighting":false,"audioPlay":false,"sceneViewState":{"m_AlwaysRefresh":false,"showFog":false,"showSkybox":false,"showFlares":true,"showImageEffects":true,"showParticleSystems":true,"showVisualEffectGraphs":true,"m_FxEnabled":true},"in2DMode":false,"pivot":{"x":-0.028623580932617189,"y":0.8938003182411194,"z":-4.9398674964904789},"rotation":{"x":-0.0624404139816761,"y":0.8238658308982849,"z":-0.09257576614618302,"w":-0.5556764602661133},"size":2.361112356185913,"orthographic":false}