{"cameraMode":{"drawMode":0,"name":"Shaded","section":"Shading Mode"},"sceneLighting":false,"audioPlay":false,"sceneViewState":{"m_AlwaysRefresh":false,"showFog":false,"showSkybox":false,"showFlares":true,"showImageEffects":true,"showParticleSystems":true,"showVisualEffectGraphs":true,"m_FxEnabled":true},"in2DMode":false,"pivot":{"x":0.6553161144256592,"y":0.010318666696548462,"z":0.00813901424407959},"rotation":{"x":-0.045202940702438357,"y":0.480977326631546,"z":0.024841628968715669,"w":0.8752151131629944},"size":1.7128305435180665,"orthographic":false}