{"cameraMode":{"drawMode":0,"name":"Shaded","section":"Shading Mode"},"sceneLighting":false,"audioPlay":false,"sceneViewState":{"m_AlwaysRefresh":false,"showFog":false,"showSkybox":false,"showFlares":true,"showImageEffects":true,"showParticleSystems":true,"showVisualEffectGraphs":true,"m_FxEnabled":true},"in2DMode":false,"pivot":{"x":1.4268226623535157,"y":-0.7785398960113525,"z":1.0044951438903809},"rotation":{"x":0.1347966343164444,"y":0.0994059294462204,"z":-0.013592751696705819,"w":0.985781192779541},"size":3.8036887645721437,"orthographic":false}