{"cameraMode":{"drawMode":0,"name":"Shaded","section":"Shading Mode"},"sceneLighting":false,"audioPlay":false,"sceneViewState":{"m_AlwaysRefresh":false,"showFog":false,"showSkybox":false,"showFlares":true,"showImageEffects":true,"showParticleSystems":true,"showVisualEffectGraphs":true,"m_FxEnabled":true},"in2DMode":false,"pivot":{"x":0.43467357754707339,"y":-0.3450169563293457,"z":-0.08832776546478272},"rotation":{"x":0.08350038528442383,"y":0.5693163275718689,"z":0.8157895803451538,"w":-0.05827242508530617},"size":1.5045278072357178,"orthographic":false}