{"cameraMode":{"drawMode":0,"name":"Shaded","section":"Shading Mode"},"sceneLighting":false,"audioPlay":false,"sceneViewState":{"m_AlwaysRefresh":false,"showFog":false,"showSkybox":false,"showFlares":true,"showImageEffects":true,"showParticleSystems":true,"showVisualEffectGraphs":true,"m_FxEnabled":true},"in2DMode":false,"pivot":{"x":4.916646480560303,"y":1.5634673833847047,"z":-0.9584230184555054},"rotation":{"x":0.019779453054070474,"y":-0.9185332655906677,"z":0.046331729739904407,"w":0.3921239972114563},"size":2.419891119003296,"orthographic":false}