{"cameraMode":{"drawMode":0,"name":"Shaded","section":"Shading Mode"},"sceneLighting":false,"audioPlay":false,"sceneViewState":{"m_AlwaysRefresh":false,"showFog":false,"showSkybox":false,"showFlares":true,"showImageEffects":true,"showParticleSystems":true,"showVisualEffectGraphs":true,"m_FxEnabled":true},"in2DMode":false,"pivot":{"x":0.0037881135940551759,"y":-0.12198972702026367,"z":-0.031668663024902347},"rotation":{"x":0.16707582771778108,"y":0.3534804582595825,"z":-0.06432384997606278,"w":0.9181543588638306},"size":1.518110990524292,"orthographic":false}